<?xml version="1.0" encoding="UTF-8"?>
<project version="4">
  <component name="AutoImportSettings">
    <option name="autoReloadType" value="SELECTIVE" />
  </component>
  <component name="ChangeListManager">
    <list default="true" id="1ae24d79-40a1-415c-ba95-024703501df7" name="Changes" comment="" />
    <option name="SHOW_DIALOG" value="false" />
    <option name="HIGHLIGHT_CONFLICTS" value="true" />
    <option name="HIGHLIGHT_NON_ACTIVE_CHANGELIST" value="false" />
    <option name="LAST_RESOLUTION" value="IGNORE" />
  </component>
  <component name="FileTemplateManagerImpl">
    <option name="RECENT_TEMPLATES">
      <list>
        <option value="Python Script" />
      </list>
    </option>
  </component>
  <component name="Git.Settings">
    <option name="RECENT_GIT_ROOT_PATH" value="$PROJECT_DIR$" />
  </component>
  <component name="ProjectColorInfo">{
  &quot;associatedIndex&quot;: 8
}</component>
  <component name="ProjectId" id="2qXMyywsxmxT4o4e8awBC2SYoJc" />
  <component name="ProjectLevelVcsManager" settingsEditedManually="true" />
  <component name="ProjectViewState">
    <option name="hideEmptyMiddlePackages" value="true" />
    <option name="showLibraryContents" value="true" />
  </component>
  <component name="PropertiesComponent">{
  &quot;keyToString&quot;: {
    &quot;Python.Click.executor&quot;: &quot;Run&quot;,
    &quot;Python.main.executor&quot;: &quot;Run&quot;,
    &quot;RunOnceActivity.ShowReadmeOnStart&quot;: &quot;true&quot;,
    &quot;git-widget-placeholder&quot;: &quot;master&quot;,
    &quot;last_opened_file_path&quot;: &quot;C:/Users/user1/Desktop/B הנדסאים/Python2/projects/pythonProject&quot;,
    &quot;settings.editor.selected.configurable&quot;: &quot;project.propVCSSupport.DirectoryMappings&quot;
  }
}</component>
  <component name="RunManager">
    <configuration name="main" type="PythonConfigurationType" factoryName="Python" nameIsGenerated="true">
      <module name="pythonProject" />
      <option name="ENV_FILES" value="" />
      <option name="INTERPRETER_OPTIONS" value="" />
      <option name="PARENT_ENVS" value="true" />
      <envs>
        <env name="PYTHONUNBUFFERED" value="1" />
      </envs>
      <option name="SDK_HOME" value="" />
      <option name="WORKING_DIRECTORY" value="$PROJECT_DIR$" />
      <option name="IS_MODULE_SDK" value="true" />
      <option name="ADD_CONTENT_ROOTS" value="true" />
      <option name="ADD_SOURCE_ROOTS" value="true" />
      <option name="SCRIPT_NAME" value="$PROJECT_DIR$/main.py" />
      <option name="PARAMETERS" value="" />
      <option name="SHOW_COMMAND_LINE" value="false" />
      <option name="EMULATE_TERMINAL" value="false" />
      <option name="MODULE_MODE" value="false" />
      <option name="REDIRECT_INPUT" value="false" />
      <option name="INPUT_FILE" value="" />
      <method v="2" />
    </configuration>
  </component>
  <component name="SharedIndexes">
    <attachedChunks>
      <set>
        <option value="bundled-python-sdk-0e3be3396995-c546a90a8094-com.jetbrains.pycharm.community.sharedIndexes.bundled-PC-242.23339.19" />
      </set>
    </attachedChunks>
  </component>
  <component name="SpellCheckerSettings" RuntimeDictionaries="0" Folders="0" CustomDictionaries="0" DefaultDictionary="application-level" UseSingleDictionary="true" transferred="true" />
  <component name="TaskManager">
    <task active="true" id="Default" summary="Default task">
      <changelist id="1ae24d79-40a1-415c-ba95-024703501df7" name="Changes" comment="" />
      <created>1734804724930</created>
      <option name="number" value="Default" />
      <option name="presentableId" value="Default" />
      <updated>1734804724930</updated>
    </task>
    <servers />
  </component>
  <component name="VcsManagerConfiguration">
    <ignored-roots>
      <path value="$PROJECT_DIR$" />
    </ignored-roots>
  </component>
</project>